{"n_params": 1537, "best_epoch": 391, "training_time": 581, "val_loss": 0.049901385185046075, "val_acc": 0.9897435903549194, "f1_score": 0.9919028282165527}