{"n_params": 10672401, "best_epoch": 2, "training_time": 29, "val_loss": 0.3760641635992588, "val_acc": 0.8384615182876587, "f1_score": 0.8737474679946899}