{"n_params": 1537, "best_epoch": 301, "training_time": 410, "val_loss": 0.34706945174779646, "val_acc": 0.8615384697914124, "f1_score": 0.8928571343421936}