{"n_params": 10672401, "best_epoch": 2, "training_time": 31, "val_loss": 0.4540166219075521, "val_acc": 0.800000011920929, "f1_score": 0.843999981880188}