{"n_params": 1537, "best_epoch": 104, "training_time": 179, "val_loss": 0.4328329233022837, "val_acc": 0.8153846263885498, "f1_score": 0.8588235378265381}