{"n_params": 2401, "best_epoch": 82, "training_time": 29, "val_loss": 0.35089788192357774, "val_acc": 0.8512820601463318, "f1_score": 0.8835341334342957}