{"n_params": 1537, "best_epoch": 408, "training_time": 603, "val_loss": 0.20386299720177284, "val_acc": 0.9384615421295166, "f1_score": 0.9520000219345093}