{"n_params": 10672401, "best_epoch": 2, "training_time": 27, "val_loss": 0.4281213222405849, "val_acc": 0.8102564215660095, "f1_score": 0.8549019694328308}