{"n_params": 10672401, "best_epoch": 2, "training_time": 35, "val_loss": 0.515933853540665, "val_acc": 0.7589743733406067, "f1_score": 0.7901785969734192}