{"n_params": 1537, "best_epoch": 359, "training_time": 515, "val_loss": 0.22262129172300682, "val_acc": 0.9205127954483032, "f1_score": 0.9386138319969177}