{"n_params": 2401, "best_epoch": 74, "training_time": 31, "val_loss": 0.3809305826822917, "val_acc": 0.8461538553237915, "f1_score": 0.8809523582458496}