{"n_params": 2401, "best_epoch": 115, "training_time": 47, "val_loss": 0.37847779102814505, "val_acc": 0.8410256505012512, "f1_score": 0.8755019903182983}