{"n_params": 10672401, "best_epoch": 2, "training_time": 29, "val_loss": 0.35835270025791266, "val_acc": 0.843589723110199, "f1_score": 0.8777555227279663}