{"n_params": 2401, "best_epoch": 105, "training_time": 43, "val_loss": 0.3827084663586739, "val_acc": 0.8230769038200378, "f1_score": 0.8622754216194153}