{"n_params": 1537, "best_epoch": 95, "training_time": 182, "val_loss": 0.38288136017628205, "val_acc": 0.8512820601463318, "f1_score": 0.88671875}