{"n_params": 1537, "best_epoch": 198, "training_time": 324, "val_loss": 0.3806606194911859, "val_acc": 0.8641025424003601, "f1_score": 0.8966861367225647}