{"n_params": 10672401, "best_epoch": 2, "training_time": 28, "val_loss": 0.56542237110627, "val_acc": 0.764102578163147, "f1_score": 0.8250950574874878}