{"n_params": 1537, "best_epoch": 105, "training_time": 200, "val_loss": 0.4322287926307091, "val_acc": 0.8102564215660095, "f1_score": 0.85546875}