{"n_params": 2401, "best_epoch": 140, "training_time": 57, "val_loss": 0.38044942220052086, "val_acc": 0.843589723110199, "f1_score": 0.8757637739181519}