{"n_params": 1537, "best_epoch": 99, "training_time": 173, "val_loss": 0.40076387845552885, "val_acc": 0.8512820601463318, "f1_score": 0.887159526348114}