{"n_params": 10672401, "best_epoch": 2, "training_time": 27, "val_loss": 0.42245389498197117, "val_acc": 0.8205128312110901, "f1_score": 0.857723593711853}