{"n_params": 1537, "best_epoch": 85, "training_time": 144, "val_loss": 0.4068107409354968, "val_acc": 0.8307692408561707, "f1_score": 0.8695651888847351}