{"n_params": 2401, "best_epoch": 60, "training_time": 29, "val_loss": 0.3988113012069311, "val_acc": 0.8307692408561707, "f1_score": 0.8685259222984314}