{"n_params": 10672401, "best_epoch": 2, "training_time": 28, "val_loss": 0.38201986459585335, "val_acc": 0.8410256505012512, "f1_score": 0.87890625}