{"n_params": 2401, "best_epoch": 44, "training_time": 25, "val_loss": 0.389368653908754, "val_acc": 0.8230769038200378, "f1_score": 0.8611670136451721}