{"n_params": 1537, "best_epoch": 163, "training_time": 279, "val_loss": 0.3966416970277444, "val_acc": 0.8487179279327393, "f1_score": 0.8854368925094604}