{"n_params": 2401, "best_epoch": 162, "training_time": 64, "val_loss": 0.4390969692132412, "val_acc": 0.7794871926307678, "f1_score": 0.8286852836608887}