{"n_params": 2401, "best_epoch": 123, "training_time": 44, "val_loss": 0.4063327104617388, "val_acc": 0.800000011920929, "f1_score": 0.843999981880188}