{"n_params": 2401, "best_epoch": 98, "training_time": 40, "val_loss": 0.29456771459334935, "val_acc": 0.8641025424003601, "f1_score": 0.8942115902900696}