{"n_params": 10672401, "best_epoch": 2, "training_time": 28, "val_loss": 0.47217375926482374, "val_acc": 0.7692307829856873, "f1_score": 0.8148148059844971}