{"n_params": 10672401, "best_epoch": 2, "training_time": 28, "val_loss": 0.36577105399889825, "val_acc": 0.8615384697914124, "f1_score": 0.8957529067993164}