{"n_params": 10672401, "best_epoch": 2, "training_time": 30, "val_loss": 0.3718163905999599, "val_acc": 0.8384615182876587, "f1_score": 0.8767123222351074}