{"n_params": 2401, "best_epoch": 71, "training_time": 34, "val_loss": 0.39675406431540466, "val_acc": 0.843589723110199, "f1_score": 0.8777555227279663}