{"n_params": 1537, "best_epoch": 55, "training_time": 99, "val_loss": 0.4241631532326723, "val_acc": 0.8384615182876587, "f1_score": 0.8781431317329407}