{"n_params": 1537, "best_epoch": 122, "training_time": 235, "val_loss": 0.4534642537434896, "val_acc": 0.8256410360336304, "f1_score": 0.8661417365074158}