{"n_params": 10672401, "best_epoch": 3, "training_time": 31, "val_loss": 0.4998695960411659, "val_acc": 0.7615384459495544, "f1_score": 0.7973856329917908}