{"n_params": 2401, "best_epoch": 53, "training_time": 23, "val_loss": 0.3804397191756811, "val_acc": 0.8256410360336304, "f1_score": 0.8640000224113464}