{"n_params": 2401, "best_epoch": 63, "training_time": 29, "val_loss": 0.40153851631360177, "val_acc": 0.8333333134651184, "f1_score": 0.8702594637870789}