{"n_params": 1537, "best_epoch": 174, "training_time": 279, "val_loss": 0.391037104679988, "val_acc": 0.8666666746139526, "f1_score": 0.8996139168739319}