{"n_params": 2401, "best_epoch": 5, "training_time": 4, "val_loss": 0.692205739575763, "val_acc": 0.47093021869659424, "f1_score": 0.0}