{"n_params": 2401, "best_epoch": 83, "training_time": 37, "val_loss": 0.4136701143704928, "val_acc": 0.8128204941749573, "f1_score": 0.8501026630401611}