{"n_params": 1537, "best_epoch": 125, "training_time": 210, "val_loss": 0.4159340100410657, "val_acc": 0.8384615182876587, "f1_score": 0.8767123222351074}