{"n_params": 1537, "best_epoch": 106, "training_time": 182, "val_loss": 0.4429143661107772, "val_acc": 0.8153846263885498, "f1_score": 0.8571428656578064}