{"n_params": 10672401, "best_epoch": 2, "training_time": 29, "val_loss": 0.4486426329001402, "val_acc": 0.7923076748847961, "f1_score": 0.8408644199371338}