{"n_params": 2401, "best_epoch": 123, "training_time": 50, "val_loss": 0.37555041190905447, "val_acc": 0.8333333134651184, "f1_score": 0.8670756816864014}