{"n_params": 1537, "best_epoch": 105, "training_time": 180, "val_loss": 0.3898425762469952, "val_acc": 0.8487179279327393, "f1_score": 0.8849902749061584}