{"n_params": 10672401, "best_epoch": 2, "training_time": 29, "val_loss": 0.476427479279347, "val_acc": 0.8025640845298767, "f1_score": 0.8504854440689087}