{"n_params": 10672401, "best_epoch": 2, "training_time": 31, "val_loss": 0.42138628837389824, "val_acc": 0.8153846263885498, "f1_score": 0.8582677245140076}