{"n_params": 1537, "best_epoch": 145, "training_time": 255, "val_loss": 0.3502974681365184, "val_acc": 0.8589743375778198, "f1_score": 0.8919450044631958}