{"n_params": 2401, "best_epoch": 63, "training_time": 31, "val_loss": 0.37784028664613384, "val_acc": 0.8256410360336304, "f1_score": 0.8612244725227356}