{"n_params": 2401, "best_epoch": 84, "training_time": 29, "val_loss": 0.39042687049278846, "val_acc": 0.8487179279327393, "f1_score": 0.8798370957374573}