{"n_params": 1537, "best_epoch": 402, "training_time": 680, "val_loss": 0.561209612114485, "val_acc": 0.7674418687820435, "f1_score": 0.7560975551605225}