{"n_params": 1537, "best_epoch": 387, "training_time": 498, "val_loss": 0.5619207870128543, "val_acc": 0.7965116500854492, "f1_score": 0.8044692873954773}