{"n_params": 2401, "best_epoch": 75, "training_time": 45, "val_loss": 0.385313219901843, "val_acc": 0.8282051086425781, "f1_score": 0.8673267364501953}