{"n_params": 10672401, "best_epoch": 3, "training_time": 30, "val_loss": 0.4179061498397436, "val_acc": 0.8358974456787109, "f1_score": 0.8709677457809448}