{"n_params": 10672401, "best_epoch": 2, "training_time": 28, "val_loss": 0.4393334413186098, "val_acc": 0.8102564215660095, "f1_score": 0.8483606576919556}