{"n_params": 2401, "best_epoch": 92, "training_time": 35, "val_loss": 0.350499275403145, "val_acc": 0.8487179279327393, "f1_score": 0.8808080554008484}