{"n_params": 2401, "best_epoch": 64, "training_time": 26, "val_loss": 0.4024608122996795, "val_acc": 0.8153846263885498, "f1_score": 0.8542510271072388}