{"n_params": 10672401, "best_epoch": 3, "training_time": 30, "val_loss": 0.35794665996844954, "val_acc": 0.8666666746139526, "f1_score": 0.8955823183059692}