{"n_params": 1537, "best_epoch": 120, "training_time": 197, "val_loss": 0.38949588873447516, "val_acc": 0.8589743375778198, "f1_score": 0.893203854560852}