{"n_params": 1537, "best_epoch": 344, "training_time": 507, "val_loss": 0.061445378034542766, "val_acc": 0.9871794581413269, "f1_score": 0.9898989796638489}