{"n_params": 2401, "best_epoch": 74, "training_time": 43, "val_loss": 0.42706111027644234, "val_acc": 0.8230769038200378, "f1_score": 0.8611670136451721}