{"n_params": 10672401, "best_epoch": 2, "training_time": 32, "val_loss": 0.4391491229717548, "val_acc": 0.7743589878082275, "f1_score": 0.8204081654548645}