{"n_params": 10672401, "best_epoch": 3, "training_time": 31, "val_loss": 0.39315713735727165, "val_acc": 0.8461538553237915, "f1_score": 0.8804780840873718}