{"n_params": 1537, "best_epoch": 184, "training_time": 298, "val_loss": 0.39381866455078124, "val_acc": 0.8512820601463318, "f1_score": 0.887159526348114}