{"n_params": 10672401, "best_epoch": 2, "training_time": 27, "val_loss": 0.42956085205078126, "val_acc": 0.7923076748847961, "f1_score": 0.8336755633354187}