{"n_params": 10672401, "best_epoch": 2, "training_time": 31, "val_loss": 0.4117347912910657, "val_acc": 0.807692289352417, "f1_score": 0.8603351712226868}