{"n_params": 4019601, "best_epoch": 1, "training_time": 19, "val_loss": 0.697033726891806, "val_acc": 0.47093021869659424, "f1_score": 0.0}