{"n_params": 2401, "best_epoch": 105, "training_time": 36, "val_loss": 0.3751207009339944, "val_acc": 0.8358974456787109, "f1_score": 0.8709677457809448}