{"n_params": 2401, "best_epoch": 37, "training_time": 22, "val_loss": 0.3840265127328726, "val_acc": 0.8205128312110901, "f1_score": 0.8600000143051147}