{"n_params": 10672401, "best_epoch": 2, "training_time": 32, "val_loss": 0.4433186848958333, "val_acc": 0.8128204941749573, "f1_score": 0.8513238430023193}