{"n_params": 10672401, "best_epoch": 2, "training_time": 26, "val_loss": 0.4462587405473758, "val_acc": 0.8128204941749573, "f1_score": 0.8548707962036133}