{"n_params": 2401, "best_epoch": 175, "training_time": 58, "val_loss": 0.3645799685747195, "val_acc": 0.8410256505012512, "f1_score": 0.8744939565658569}