{"n_params": 1537, "best_epoch": 45, "training_time": 100, "val_loss": 0.43508856357672276, "val_acc": 0.8384615182876587, "f1_score": 0.8762279152870178}