{"n_params": 1537, "best_epoch": 121, "training_time": 203, "val_loss": 0.42350244766626605, "val_acc": 0.8564102649688721, "f1_score": 0.8897637724876404}