{"n_params": 10672401, "best_epoch": 2, "training_time": 28, "val_loss": 0.37054282946464345, "val_acc": 0.8333333134651184, "f1_score": 0.8697394728660583}