{"n_params": 1537, "best_epoch": 132, "training_time": 199, "val_loss": 0.3956711597931691, "val_acc": 0.8410256505012512, "f1_score": 0.8779527544975281}