{"n_params": 1537, "best_epoch": 111, "training_time": 184, "val_loss": 0.40828560071113784, "val_acc": 0.843589723110199, "f1_score": 0.8815534114837646}