{"n_params": 2401, "best_epoch": 53, "training_time": 26, "val_loss": 0.40080738556690704, "val_acc": 0.8256410360336304, "f1_score": 0.8661417365074158}