{"n_params": 10672401, "best_epoch": 2, "training_time": 28, "val_loss": 0.48799868852664263, "val_acc": 0.7846153974533081, "f1_score": 0.8271604776382446}