{"n_params": 2401, "best_epoch": 65, "training_time": 26, "val_loss": 0.42041289500701123, "val_acc": 0.8128204941749573, "f1_score": 0.8494845628738403}